[
{"text": "\u201cThe world as we have created it is a process of o...", "author": "Albert Einstein", "tags": ["change", "deep-thoughts", "thinking", "world"]},
{"text": "\u201cIt is our choices, Harry, that show what we truly...", "author": "J.K. Rowling", "tags": ["abilities", "choices"]},
{"text": "\u201cThere are only two ways to live your life. One is...", "author": "Albert Einstein", "tags": ["inspirational", "life", "live", "miracle", "miracles"]},
{"text": "\u201cThe person, be it gentleman or lady, who has not...", "author": "Jane Austen", "tags": ["aliteracy", "books", "classic", "humor"]},
{"text": "\u201cImperfection is beauty, madness is genius and it'...", "author": "Marilyn Monroe", "tags": ["be-yourself", "inspirational"]},
{"text": "\u201cTry not to become a man of success. Rather become...", "author": "Albert Einstein", "tags": ["adulthood", "success", "value"]},
{"text": "\u201cIt is better to be hated for what you are than to...", "author": "Andr\u00e9 Gide", "tags": ["life", "love"]},
{"text": "\u201cI have not failed. I've just found 10,000 ways th...", "author": "Thomas A. Edison", "tags": ["edison", "failure", "inspirational", "paraphrased"]},
{"text": "\u201cA woman is like a tea bag; you never know how str...", "author": "Eleanor Roosevelt", "tags": ["misattributed-eleanor-roosevelt"]},
{"text": "\u201cA day without sunshine is like, you know, night.\u201d", "author": "Steve Martin", "tags": ["humor", "obvious", "simile"]},
{"text": "\u201cThis life is what you make it. No matter what, yo...", "author": "Marilyn Monroe", "tags": ["friends", "heartbreak", "inspirational", "life", "love", "sisters"]},
{"text": "\u201cIt takes a great deal of bravery to stand up to o...", "author": "J.K. Rowling", "tags": ["courage", "friends"]},
{"text": "\u201cIf you can't explain it to a six year old, you do...", "author": "Albert Einstein", "tags": ["simplicity", "understand"]},
{"text": "\u201cYou may not be her first, her last, or her only....", "author": "Bob Marley", "tags": ["love"]},
{"text": "\u201cI like nonsense, it wakes up the brain cells. Fan...", "author": "Dr. Seuss", "tags": ["fantasy"]},
{"text": "\u201cI may not have gone where I intended to go, but I...", "author": "Douglas Adams", "tags": ["life", "navigation"]},
{"text": "\u201cThe opposite of love is not hate, it's indifferen...", "author": "Elie Wiesel", "tags": ["activism", "apathy", "hate", "indifference", "inspirational", "love", "opposite", "philosophy"]},
{"text": "\u201cIt is not a lack of love, but a lack of friendshi...", "author": "Friedrich Nietzsche", "tags": ["friendship", "lack-of-friendship", "lack-of-love", "love", "marriage", "unhappy-marriage"]},
{"text": "\u201cGood friends, good books, and a sleepy conscience...", "author": "Mark Twain", "tags": ["books", "contentment", "friends", "friendship", "life"]},
{"text": "\u201cLife is what happens to us while we are making ot...", "author": "Allen Saunders", "tags": ["fate", "life", "misattributed-john-lennon", "planning", "plans"]},
{"text": "\u201cI love you without knowing how, or when, or from...", "author": "Pablo Neruda", "tags": ["love", "poetry"]},
{"text": "\u201cFor every minute you are angry you lose sixty sec...", "author": "Ralph Waldo Emerson", "tags": ["happiness"]},
{"text": "\u201cIf you judge people, you have no time to love the...", "author": "Mother Teresa", "tags": ["attributed-no-source"]},
{"text": "\u201cAnyone who thinks sitting in church can make you...", "author": "Garrison Keillor", "tags": ["humor", "religion"]},
{"text": "\u201cBeauty is in the eye of the beholder and it may b...", "author": "Jim Henson", "tags": ["humor"]},
{"text": "\u201cToday you are You, that is truer than true. There...", "author": "Dr. Seuss", "tags": ["comedy", "life", "yourself"]},
{"text": "\u201cIf you want your children to be intelligent, read...", "author": "Albert Einstein", "tags": ["children", "fairy-tales"]},
{"text": "\u201cIt is impossible to live without failing at somet...", "author": "J.K. Rowling", "tags": []},
{"text": "\u201cLogic will get you from A to Z; imagination will...", "author": "Albert Einstein", "tags": ["imagination"]},
{"text": "\u201cOne good thing about music, when it hits you, you...", "author": "Bob Marley", "tags": ["music"]},
{"text": "\u201cThe more that you read, the more things you will...", "author": "Dr. Seuss", "tags": ["learning", "reading", "seuss"]},
{"text": "\u201cOf course it is happening inside your head, Harry...", "author": "J.K. Rowling", "tags": ["dumbledore"]},
{"text": "\u201cThe truth is, everyone is going to hurt you. You...", "author": "Bob Marley", "tags": ["friendship"]},
{"text": "\u201cNot all of us can do great things. But we can do...", "author": "Mother Teresa", "tags": ["misattributed-to-mother-teresa", "paraphrased"]},
{"text": "\u201cTo the well-organized mind, death is but the next...", "author": "J.K. Rowling", "tags": ["death", "inspirational"]},
{"text": "\u201cAll you need is love. But a little chocolate now...", "author": "Charles M. Schulz", "tags": ["chocolate", "food", "humor"]},
{"text": "\u201cWe read to know we're not alone.\u201d", "author": "William Nicholson", "tags": ["misattributed-to-c-s-lewis", "reading"]},
{"text": "\u201cAny fool can know. The point is to understand.\u201d", "author": "Albert Einstein", "tags": ["knowledge", "learning", "understanding", "wisdom"]},
{"text": "\u201cI have always imagined that Paradise will be a ki...", "author": "Jorge Luis Borges", "tags": ["books", "library"]},
{"text": "\u201cIt is never too late to be what you might have be...", "author": "George Eliot", "tags": ["inspirational"]},
{"text": "\u201cA reader lives a thousand lives before he dies, s...", "author": "George R.R. Martin", "tags": ["read", "readers", "reading", "reading-books"]},
{"text": "\u201cYou can never get a cup of tea large enough or a...", "author": "C.S. Lewis", "tags": ["books", "inspirational", "reading", "tea"]},
{"text": "\u201cYou believe lies so you eventually learn to trust...", "author": "Marilyn Monroe", "tags": []},
{"text": "\u201cIf you can make a woman laugh, you can make her d...", "author": "Marilyn Monroe", "tags": ["girls", "love"]},
{"text": "\u201cLife is like riding a bicycle. To keep your balan...", "author": "Albert Einstein", "tags": ["life", "simile"]},
{"text": "\u201cThe real lover is the man who can thrill you by k...", "author": "Marilyn Monroe", "tags": ["love"]},
{"text": "\u201cA wise girl kisses but doesn't love, listens but...", "author": "Marilyn Monroe", "tags": ["attributed-no-source"]},
{"text": "\u201cOnly in the darkness can you see the stars.\u201d", "author": "Martin Luther King Jr.", "tags": ["hope", "inspirational"]},
{"text": "\u201cIt matters not what someone is born, but what the...", "author": "J.K. Rowling", "tags": ["dumbledore"]},
{"text": "\u201cLove does not begin and end the way we seem to th...", "author": "James Baldwin", "tags": ["love"]},
{"text": "\u201cThere is nothing I would not do for those who are...", "author": "Jane Austen", "tags": ["friendship", "love"]},
{"text": "\u201cDo one thing every day that scares you.\u201d", "author": "Eleanor Roosevelt", "tags": ["attributed", "fear", "inspiration"]},
{"text": "\u201cI am good, but not an angel. I do sin, but I am n...", "author": "Marilyn Monroe", "tags": ["attributed-no-source"]},
{"text": "\u201cIf I were not a physicist, I would probably be a...", "author": "Albert Einstein", "tags": ["music"]},
{"text": "\u201cIf you only read the books that everyone else is...", "author": "Haruki Murakami", "tags": ["books", "thought"]},
{"text": "\u201cThe difference between genius and stupidity is: g...", "author": "Alexandre Dumas fils", "tags": ["misattributed-to-einstein"]},
{"text": "\u201cHe's like a drug for you, Bella.\u201d", "author": "Stephenie Meyer", "tags": ["drug", "romance", "simile"]},
{"text": "\u201cThere is no friend as loyal as a book.\u201d", "author": "Ernest Hemingway", "tags": ["books", "friends", "novelist-quotes"]},
{"text": "\u201cWhen one door of happiness closes, another opens;...", "author": "Helen Keller", "tags": ["inspirational"]},
{"text": "\u201cLife isn't about finding yourself. Life is about...", "author": "George Bernard Shaw", "tags": ["inspirational", "life", "yourself"]},
{"text": "\u201cThat's the problem with drinking, I thought, as I...", "author": "Charles Bukowski", "tags": ["alcohol"]},
{"text": "\u201cYou don\u2019t forget the face of the person who was y...", "author": "Suzanne Collins", "tags": ["the-hunger-games"]},
{"text": "\u201cRemember, we're madly in love, so it's all right...", "author": "Suzanne Collins", "tags": ["humor"]},
{"text": "\u201cTo love at all is to be vulnerable. Love anything...", "author": "C.S. Lewis", "tags": ["love"]},
{"text": "\u201cNot all those who wander are lost.\u201d", "author": "J.R.R. Tolkien", "tags": ["bilbo", "journey", "lost", "quest", "travel", "wander"]},
{"text": "\u201cDo not pity the dead, Harry. Pity the living, and...", "author": "J.K. Rowling", "tags": ["live-death-love"]},
{"text": "\u201cThere is nothing to writing. All you do is sit do...", "author": "Ernest Hemingway", "tags": ["good", "writing"]},
{"text": "\u201cFinish each day and be done with it. You have don...", "author": "Ralph Waldo Emerson", "tags": ["life", "regrets"]},
{"text": "\u201cI have never let my schooling interfere with my e...", "author": "Mark Twain", "tags": ["education"]},
{"text": "\u201cI have heard there are troubles of more than one...", "author": "Dr. Seuss", "tags": ["troubles"]},
{"text": "\u201cIf I had a flower for every time I thought of you...", "author": "Alfred Tennyson", "tags": ["friendship", "love"]},
{"text": "\u201cSome people never go crazy. What truly horrible l...", "author": "Charles Bukowski", "tags": ["humor"]},
{"text": "\u201cThe trouble with having an open mind, of course,...", "author": "Terry Pratchett", "tags": ["humor", "open-mind", "thinking"]},
{"text": "\u201cThink left and think right and think low and thin...", "author": "Dr. Seuss", "tags": ["humor", "philosophy"]},
{"text": "\u201cWhat really knocks me out is a book that, when yo...", "author": "J.D. Salinger", "tags": ["authors", "books", "literature", "reading", "writing"]},
{"text": "\u201cThe reason I talk to myself is because I\u2019m the on...", "author": "George Carlin", "tags": ["humor", "insanity", "lies", "lying", "self-indulgence", "truth"]},
{"text": "\u201cYou may say I'm a dreamer, but I'm not the only o...", "author": "John Lennon", "tags": ["beatles", "connection", "dreamers", "dreaming", "dreams", "hope", "inspirational", "peace"]},
{"text": "\u201cI am free of all prejudice. I hate everyone equal...", "author": "W.C. Fields", "tags": ["humor", "sinister"]},
{"text": "\u201cThe question isn't who is going to let me; it's w...", "author": "Ayn Rand", "tags": []},
{"text": "\u201c\u2032Classic\u2032 - a book which people praise and don't...", "author": "Mark Twain", "tags": ["books", "classic", "reading"]},
{"text": "\u201cAnyone who has never made a mistake has never tri...", "author": "Albert Einstein", "tags": ["mistakes"]},
{"text": "\u201cA lady's imagination is very rapid; it jumps from...", "author": "Jane Austen", "tags": ["humor", "love", "romantic", "women"]},
{"text": "\u201cRemember, if the time should come when you have t...", "author": "J.K. Rowling", "tags": ["integrity"]},
{"text": "\u201cI declare after all there is no enjoyment like re...", "author": "Jane Austen", "tags": ["books", "library", "reading"]},
{"text": "\u201cThere are few people whom I really love, and stil...", "author": "Jane Austen", "tags": ["elizabeth-bennet", "jane-austen"]},
{"text": "\u201cSome day you will be old enough to start reading...", "author": "C.S. Lewis", "tags": ["age", "fairytales", "growing-up"]},
{"text": "\u201cWe are not necessarily doubting that God will do...", "author": "C.S. Lewis", "tags": ["god"]},
{"text": "\u201cThe fear of death follows from the fear of life....", "author": "Mark Twain", "tags": ["death", "life"]},
{"text": "\u201cA lie can travel half way around the world while...", "author": "Mark Twain", "tags": ["misattributed-mark-twain", "truth"]},
{"text": "\u201cI believe in Christianity as I believe that the s...", "author": "C.S. Lewis", "tags": ["christianity", "faith", "religion", "sun"]},
{"text": "\u201cThe truth.\" Dumbledore sighed. \"It is a beautiful...", "author": "J.K. Rowling", "tags": ["truth"]},
{"text": "\u201cI'm the one that's got to die when it's time for...", "author": "Jimi Hendrix", "tags": ["death", "life"]},
{"text": "\u201cTo die will be an awfully big adventure.\u201d", "author": "J.M. Barrie", "tags": ["adventure", "love"]},
{"text": "\u201cIt takes courage to grow up and become who you re...", "author": "E.E. Cummings", "tags": ["courage"]},
{"text": "\u201cBut better to get hurt by the truth than comforte...", "author": "Khaled Hosseini", "tags": ["life"]},
{"text": "\u201cYou never really understand a person until you co...", "author": "Harper Lee", "tags": ["better-life-empathy"]},
{"text": "\u201cYou have to write the book that wants to be writt...", "author": "Madeleine L'Engle", "tags": ["books", "children", "difficult", "grown-ups", "write", "writers", "writing"]},
{"text": "\u201cNever tell the truth to people who are not worthy...", "author": "Mark Twain", "tags": ["truth"]},
{"text": "\u201cA person's a person, no matter how small.\u201d", "author": "Dr. Seuss", "tags": ["inspirational"]},
{"text": "\u201c... a mind needs books as a sword needs a whetsto...", "author": "George R.R. Martin", "tags": ["books", "mind"]}
]
[
{"text": "\u201cThe world as we have created it is a process of o...", "author": "Albert Einstein", "tags": ["change", "deep-thoughts", "thinking", "world"]},
{"text": "\u201cIt is our choices, Harry, that show what we truly...", "author": "J.K. Rowling", "tags": ["abilities", "choices"]},
{"text": "\u201cThere are only two ways to live your life. One is...", "author": "Albert Einstein", "tags": ["inspirational", "life", "live", "miracle", "miracles"]},
{"text": "\u201cThe person, be it gentleman or lady, who has not...", "author": "Jane Austen", "tags": ["aliteracy", "books", "classic", "humor"]},
{"text": "\u201cImperfection is beauty, madness is genius and it'...", "author": "Marilyn Monroe", "tags": ["be-yourself", "inspirational"]},
{"text": "\u201cTry not to become a man of success. Rather become...", "author": "Albert Einstein", "tags": ["adulthood", "success", "value"]},
{"text": "\u201cIt is better to be hated for what you are than to...", "author": "Andr\u00e9 Gide", "tags": ["life", "love"]},
{"text": "\u201cI have not failed. I've just found 10,000 ways th...", "author": "Thomas A. Edison", "tags": ["edison", "failure", "inspirational", "paraphrased"]},
{"text": "\u201cA woman is like a tea bag; you never know how str...", "author": "Eleanor Roosevelt", "tags": ["misattributed-eleanor-roosevelt"]},
{"text": "\u201cA day without sunshine is like, you know, night.\u201d", "author": "Steve Martin", "tags": ["humor", "obvious", "simile"]},
{"text": "\u201cThis life is what you make it. No matter what, yo...", "author": "Marilyn Monroe", "tags": ["friends", "heartbreak", "inspirational", "life", "love", "sisters"]},
{"text": "\u201cIt takes a great deal of bravery to stand up to o...", "author": "J.K. Rowling", "tags": ["courage", "friends"]},
{"text": "\u201cIf you can't explain it to a six year old, you do...", "author": "Albert Einstein", "tags": ["simplicity", "understand"]},
{"text": "\u201cYou may not be her first, her last, or her only....", "author": "Bob Marley", "tags": ["love"]},
{"text": "\u201cI like nonsense, it wakes up the brain cells. Fan...", "author": "Dr. Seuss", "tags": ["fantasy"]},
{"text": "\u201cI may not have gone where I intended to go, but I...", "author": "Douglas Adams", "tags": ["life", "navigation"]},
{"text": "\u201cThe opposite of love is not hate, it's indifferen...", "author": "Elie Wiesel", "tags": ["activism", "apathy", "hate", "indifference", "inspirational", "love", "opposite", "philosophy"]},
{"text": "\u201cIt is not a lack of love, but a lack of friendshi...", "author": "Friedrich Nietzsche", "tags": ["friendship", "lack-of-friendship", "lack-of-love", "love", "marriage", "unhappy-marriage"]},
{"text": "\u201cGood friends, good books, and a sleepy conscience...", "author": "Mark Twain", "tags": ["books", "contentment", "friends", "friendship", "life"]},
{"text": "\u201cLife is what happens to us while we are making ot...", "author": "Allen Saunders", "tags": ["fate", "life", "misattributed-john-lennon", "planning", "plans"]},
{"text": "\u201cI love you without knowing how, or when, or from...", "author": "Pablo Neruda", "tags": ["love", "poetry"]},
{"text": "\u201cFor every minute you are angry you lose sixty sec...", "author": "Ralph Waldo Emerson", "tags": ["happiness"]},
{"text": "\u201cIf you judge people, you have no time to love the...", "author": "Mother Teresa", "tags": ["attributed-no-source"]},
{"text": "\u201cAnyone who thinks sitting in church can make you...", "author": "Garrison Keillor", "tags": ["humor", "religion"]},
{"text": "\u201cBeauty is in the eye of the beholder and it may b...", "author": "Jim Henson", "tags": ["humor"]},
{"text": "\u201cToday you are You, that is truer than true. There...", "author": "Dr. Seuss", "tags": ["comedy", "life", "yourself"]},
{"text": "\u201cIf you want your children to be intelligent, read...", "author": "Albert Einstein", "tags": ["children", "fairy-tales"]},
{"text": "\u201cIt is impossible to live without failing at somet...", "author": "J.K. Rowling", "tags": []},
{"text": "\u201cLogic will get you from A to Z; imagination will...", "author": "Albert Einstein", "tags": ["imagination"]},
{"text": "\u201cOne good thing about music, when it hits you, you...", "author": "Bob Marley", "tags": ["music"]},
{"text": "\u201cThe more that you read, the more things you will...", "author": "Dr. Seuss", "tags": ["learning", "reading", "seuss"]},
{"text": "\u201cOf course it is happening inside your head, Harry...", "author": "J.K. Rowling", "tags": ["dumbledore"]},
{"text": "\u201cThe truth is, everyone is going to hurt you. You...", "author": "Bob Marley", "tags": ["friendship"]},
{"text": "\u201cNot all of us can do great things. But we can do...", "author": "Mother Teresa", "tags": ["misattributed-to-mother-teresa", "paraphrased"]},
{"text": "\u201cTo the well-organized mind, death is but the next...", "author": "J.K. Rowling", "tags": ["death", "inspirational"]},
{"text": "\u201cAll you need is love. But a little chocolate now...", "author": "Charles M. Schulz", "tags": ["chocolate", "food", "humor"]},
{"text": "\u201cWe read to know we're not alone.\u201d", "author": "William Nicholson", "tags": ["misattributed-to-c-s-lewis", "reading"]},
{"text": "\u201cAny fool can know. The point is to understand.\u201d", "author": "Albert Einstein", "tags": ["knowledge", "learning", "understanding", "wisdom"]},
{"text": "\u201cI have always imagined that Paradise will be a ki...", "author": "Jorge Luis Borges", "tags": ["books", "library"]},
{"text": "\u201cIt is never too late to be what you might have be...", "author": "George Eliot", "tags": ["inspirational"]},
{"text": "\u201cA reader lives a thousand lives before he dies, s...", "author": "George R.R. Martin", "tags": ["read", "readers", "reading", "reading-books"]},
{"text": "\u201cYou can never get a cup of tea large enough or a...", "author": "C.S. Lewis", "tags": ["books", "inspirational", "reading", "tea"]},
{"text": "\u201cYou believe lies so you eventually learn to trust...", "author": "Marilyn Monroe", "tags": []},
{"text": "\u201cIf you can make a woman laugh, you can make her d...", "author": "Marilyn Monroe", "tags": ["girls", "love"]},
{"text": "\u201cLife is like riding a bicycle. To keep your balan...", "author": "Albert Einstein", "tags": ["life", "simile"]},
{"text": "\u201cThe real lover is the man who can thrill you by k...", "author": "Marilyn Monroe", "tags": ["love"]},
{"text": "\u201cA wise girl kisses but doesn't love, listens but...", "author": "Marilyn Monroe", "tags": ["attributed-no-source"]},
{"text": "\u201cOnly in the darkness can you see the stars.\u201d", "author": "Martin Luther King Jr.", "tags": ["hope", "inspirational"]},
{"text": "\u201cIt matters not what someone is born, but what the...", "author": "J.K. Rowling", "tags": ["dumbledore"]},
{"text": "\u201cLove does not begin and end the way we seem to th...", "author": "James Baldwin", "tags": ["love"]},
{"text": "\u201cThere is nothing I would not do for those who are...", "author": "Jane Austen", "tags": ["friendship", "love"]},
{"text": "\u201cDo one thing every day that scares you.\u201d", "author": "Eleanor Roosevelt", "tags": ["attributed", "fear", "inspiration"]},
{"text": "\u201cI am good, but not an angel. I do sin, but I am n...", "author": "Marilyn Monroe", "tags": ["attributed-no-source"]},
{"text": "\u201cIf I were not a physicist, I would probably be a...", "author": "Albert Einstein", "tags": ["music"]},
{"text": "\u201cIf you only read the books that everyone else is...", "author": "Haruki Murakami", "tags": ["books", "thought"]},
{"text": "\u201cThe difference between genius and stupidity is: g...", "author": "Alexandre Dumas fils", "tags": ["misattributed-to-einstein"]},
{"text": "\u201cHe's like a drug for you, Bella.\u201d", "author": "Stephenie Meyer", "tags": ["drug", "romance", "simile"]},
{"text": "\u201cThere is no friend as loyal as a book.\u201d", "author": "Ernest Hemingway", "tags": ["books", "friends", "novelist-quotes"]},
{"text": "\u201cWhen one door of happiness closes, another opens;...", "author": "Helen Keller", "tags": ["inspirational"]},
{"text": "\u201cLife isn't about finding yourself. Life is about...", "author": "George Bernard Shaw", "tags": ["inspirational", "life", "yourself"]},
{"text": "\u201cThat's the problem with drinking, I thought, as I...", "author": "Charles Bukowski", "tags": ["alcohol"]},
{"text": "\u201cYou don\u2019t forget the face of the person who was y...", "author": "Suzanne Collins", "tags": ["the-hunger-games"]},
{"text": "\u201cRemember, we're madly in love, so it's all right...", "author": "Suzanne Collins", "tags": ["humor"]},
{"text": "\u201cTo love at all is to be vulnerable. Love anything...", "author": "C.S. Lewis", "tags": ["love"]},
{"text": "\u201cNot all those who wander are lost.\u201d", "author": "J.R.R. Tolkien", "tags": ["bilbo", "journey", "lost", "quest", "travel", "wander"]},
{"text": "\u201cDo not pity the dead, Harry. Pity the living, and...", "author": "J.K. Rowling", "tags": ["live-death-love"]},
{"text": "\u201cThere is nothing to writing. All you do is sit do...", "author": "Ernest Hemingway", "tags": ["good", "writing"]},
{"text": "\u201cFinish each day and be done with it. You have don...", "author": "Ralph Waldo Emerson", "tags": ["life", "regrets"]},
{"text": "\u201cI have never let my schooling interfere with my e...", "author": "Mark Twain", "tags": ["education"]},
{"text": "\u201cI have heard there are troubles of more than one...", "author": "Dr. Seuss", "tags": ["troubles"]},
{"text": "\u201cIf I had a flower for every time I thought of you...", "author": "Alfred Tennyson", "tags": ["friendship", "love"]},
{"text": "\u201cSome people never go crazy. What truly horrible l...", "author": "Charles Bukowski", "tags": ["humor"]},
{"text": "\u201cThe trouble with having an open mind, of course,...", "author": "Terry Pratchett", "tags": ["humor", "open-mind", "thinking"]},
{"text": "\u201cThink left and think right and think low and thin...", "author": "Dr. Seuss", "tags": ["humor", "philosophy"]},
{"text": "\u201cWhat really knocks me out is a book that, when yo...", "author": "J.D. Salinger", "tags": ["authors", "books", "literature", "reading", "writing"]},
{"text": "\u201cThe reason I talk to myself is because I\u2019m the on...", "author": "George Carlin", "tags": ["humor", "insanity", "lies", "lying", "self-indulgence", "truth"]},
{"text": "\u201cYou may say I'm a dreamer, but I'm not the only o...", "author": "John Lennon", "tags": ["beatles", "connection", "dreamers", "dreaming", "dreams", "hope", "inspirational", "peace"]},
{"text": "\u201cI am free of all prejudice. I hate everyone equal...", "author": "W.C. Fields", "tags": ["humor", "sinister"]},
{"text": "\u201cThe question isn't who is going to let me; it's w...", "author": "Ayn Rand", "tags": []},
{"text": "\u201c\u2032Classic\u2032 - a book which people praise and don't...", "author": "Mark Twain", "tags": ["books", "classic", "reading"]},
{"text": "\u201cAnyone who has never made a mistake has never tri...", "author": "Albert Einstein", "tags": ["mistakes"]},
{"text": "\u201cA lady's imagination is very rapid; it jumps from...", "author": "Jane Austen", "tags": ["humor", "love", "romantic", "women"]},
{"text": "\u201cRemember, if the time should come when you have t...", "author": "J.K. Rowling", "tags": ["integrity"]},
{"text": "\u201cI declare after all there is no enjoyment like re...", "author": "Jane Austen", "tags": ["books", "library", "reading"]},
{"text": "\u201cThere are few people whom I really love, and stil...", "author": "Jane Austen", "tags": ["elizabeth-bennet", "jane-austen"]},
{"text": "\u201cSome day you will be old enough to start reading...", "author": "C.S. Lewis", "tags": ["age", "fairytales", "growing-up"]},
{"text": "\u201cWe are not necessarily doubting that God will do...", "author": "C.S. Lewis", "tags": ["god"]},
{"text": "\u201cThe fear of death follows from the fear of life....", "author": "Mark Twain", "tags": ["death", "life"]},
{"text": "\u201cA lie can travel half way around the world while...", "author": "Mark Twain", "tags": ["misattributed-mark-twain", "truth"]},
{"text": "\u201cI believe in Christianity as I believe that the s...", "author": "C.S. Lewis", "tags": ["christianity", "faith", "religion", "sun"]},
{"text": "\u201cThe truth.\" Dumbledore sighed. \"It is a beautiful...", "author": "J.K. Rowling", "tags": ["truth"]},
{"text": "\u201cI'm the one that's got to die when it's time for...", "author": "Jimi Hendrix", "tags": ["death", "life"]},
{"text": "\u201cTo die will be an awfully big adventure.\u201d", "author": "J.M. Barrie", "tags": ["adventure", "love"]},
{"text": "\u201cIt takes courage to grow up and become who you re...", "author": "E.E. Cummings", "tags": ["courage"]},
{"text": "\u201cBut better to get hurt by the truth than comforte...", "author": "Khaled Hosseini", "tags": ["life"]},
{"text": "\u201cYou never really understand a person until you co...", "author": "Harper Lee", "tags": ["better-life-empathy"]},
{"text": "\u201cYou have to write the book that wants to be writt...", "author": "Madeleine L'Engle", "tags": ["books", "children", "difficult", "grown-ups", "write", "writers", "writing"]},
{"text": "\u201cNever tell the truth to people who are not worthy...", "author": "Mark Twain", "tags": ["truth"]},
{"text": "\u201cA person's a person, no matter how small.\u201d", "author": "Dr. Seuss", "tags": ["inspirational"]},
{"text": "\u201c... a mind needs books as a sword needs a whetsto...", "author": "George R.R. Martin", "tags": ["books", "mind"]}
]